id_actividad,id_usuario,fecha_actividad,accion_ actualizar pedido ,accion_ crear pedido ,accion_ login ,accion_ logout ,accion_actualizar pedido,accion_anular pedido,accion_anular pedido ,accion_cambio clave,accion_cambio clave ,accion_consulta,accion_consulta ,accion_crear pedido,accion_login,accion_login ,accion_logout,modulo_inventario,modulo_reportes,modulo_seguridad,modulo_usuarios,modulo_ventas
ACT9000,US518,2024-05-20 07:00:00,False,False,False,False,True,False,False,False,False,False,False,False,False,False,False,False,False,True,False,False
ACT9001,US512,2024-11-02 12:00:00,False,False,False,False,False,False,False,False,True,False,False,False,False,False,False,False,True,False,False,False
ACT9002,US450,2024-08-29 19:00:00,False,False,False,False,False,False,False,False,False,False,False,False,False,False,True,False,False,False,True,False
ACT9003,US467,2024-04-16 14:00:00,False,False,False,False,False,False,False,False,False,True,False,False,False,False,False,False,False,True,False,False
ACT9004,US420,2024-08-08 05:00:00,False,False,False,False,False,False,False,False,False,True,False,False,False,False,False,True,False,False,False,False
ACT9005,US477,2024-09-17 19:00:00,False,False,False,False,False,False,False,False,False,True,False,False,False,False,False,False,False,True,False,False
ACT9006,US479,2024-07-07 11:00:00,False,False,False,False,False,False,False,True,False,False,False,False,False,False,False,False,False,False,False,True
ACT9007,US448,2024-09-09 06:00:00,False,False,False,False,False,False,False,True,False,False,False,False,False,False,False,False,True,False,False,False
ACT9008,US408,2024-04-27 21:00:00,False,False,False,False,False,False,False,False,False,False,False,False,False,False,True,False,False,True,False,False
ACT9009,US440,2024-07-27 11:00:00,False,False,False,False,True,False,False,False,False,False,False,False,False,False,False,True,False,False,False,False
ACT9010,US440,2024-10-13 10:00:00,False,False,False,False,False,False,False,True,False,False,False,False,False,False,False,False,False,False,False,True
ACT9011,US510,2024-02-19 11:00:00,False,False,False,True,False,False,False,False,False,False,False,False,False,False,False,True,False,False,False,False
ACT9012,US465,2024-11-13 17:00:00,False,False,False,False,False,False,False,False,False,False,False,False,False,False,True,False,False,False,False,True
ACT9013,US430,2024-07-19 03:00:00,False,False,False,False,False,False,False,False,False,False,False,False,True,False,False,True,False,False,False,False
ACT9014,,2024-03-11 19:00:00,False,False,False,False,False,False,False,False,False,False,False,False,True,False,False,True,False,False,False,False
ACT9015,US447,31/15/2024,False,False,False,False,False,False,False,False,False,False,False,True,False,False,False,False,False,False,True,False
ACT9016,US462,2024-08-16 09:00:00,False,False,False,False,False,False,False,False,False,False,False,False,True,False,False,False,False,True,False,False
ACT9017,US453,2024-02-20 22:00:00,False,False,False,False,False,True,False,False,False,False,False,False,False,False,False,True,False,False,False,False
ACT9018,US449,2024-05-03 13:00:00,False,False,False,False,False,False,False,True,False,False,False,False,False,False,False,False,False,True,False,False
ACT9019,US500,2024-07-30 09:00:00,False,False,False,False,False,False,False,True,False,False,False,False,False,False,False,False,True,False,False,False
ACT9020,US476,2024-01-31 03:00:00,False,False,False,False,False,False,False,False,False,True,False,False,False,False,False,True,False,False,False,False
ACT9021,US424,2024-07-13 00:00:00,False,False,False,False,False,False,False,False,False,False,False,False,False,False,True,True,False,False,False,False
ACT9022,US465,2024-10-04 16:00:00,False,False,False,False,False,False,False,True,False,False,False,False,False,False,False,False,True,False,False,False
ACT9023,US497,2024-06-10 10:00:00,False,True,False,False,False,False,False,False,False,False,False,False,False,False,False,False,False,True,False,False
ACT9024,US494,2024-08-03 23:00:00,False,False,False,False,False,False,False,False,False,False,False,False,False,False,True,False,False,True,False,False
ACT9025,US439,2024-03-17 13:00:00,False,False,False,False,False,False,False,False,False,False,False,True,False,False,False,False,False,True,False,False
ACT9026,US441,2024-04-15 18:00:00,False,False,False,False,True,False,False,False,False,False,False,False,False,False,False,True,False,False,False,False
ACT9027,US452,2024-06-03 14:00:00,False,False,False,False,False,False,False,True,False,False,False,False,False,False,False,False,False,False,False,True
ACT9028,US444,2024-05-06 12:00:00,False,False,False,False,False,False,False,False,False,False,False,False,True,False,False,False,False,False,True,False
ACT9029,US491,2025/99/10,False,False,False,False,False,False,False,False,False,False,False,True,False,False,False,False,False,False,True,False
ACT9030,,2024-03-22 01:00:00,False,False,False,False,False,False,False,False,False,False,False,False,False,False,True,False,False,False,True,False
ACT9031,US492,2024-09-15 19:00:00,False,False,False,False,False,False,False,False,False,False,False,True,False,False,False,True,False,False,False,False
ACT9032,US509,2024-05-23 01:00:00,False,False,False,False,False,False,False,False,False,False,False,False,False,False,True,False,True,False,False,False
ACT9033,US9999,2024-10-06 05:00:00,False,False,False,False,False,True,False,False,False,False,False,False,False,False,False,True,False,False,False,False
ACT9034,,2024-04-24 15:00:00,False,False,False,False,False,True,False,False,False,False,False,False,False,False,False,False,False,False,True,False
ACT9035,US432,2024-03-20 07:00:00,False,False,False,False,False,False,False,True,False,False,False,False,False,False,False,True,False,False,False,False
ACT9036,US460,2024-01-27 07:00:00,False,False,False,False,False,False,False,False,False,True,False,False,False,False,False,False,False,True,False,False
ACT9037,,2024-10-18 12:00:00,False,False,False,False,False,False,False,True,False,False,False,False,False,False,False,False,True,False,False,False
ACT9038,US472,2024-04-30 12:00:00,False,False,False,False,False,False,False,False,False,False,False,False,False,False,True,False,True,False,False,False
ACT9039,US445,2024-04-27 20:00:00,False,False,False,False,False,False,False,True,False,False,False,False,False,False,False,False,False,False,False,True
ACT9040,US460,2024/08/21 14:00:00,False,False,False,False,False,True,False,False,False,False,False,False,False,False,False,False,False,True,False,False
ACT9041,US453,2024-03-23 11:00:00,False,False,False,False,False,False,False,False,False,False,False,True,False,False,False,False,False,False,True,False
ACT9042,US435,2024-09-18 01:00:00,False,False,False,False,False,False,False,False,False,True,False,False,False,False,False,False,False,False,False,True
ACT9043,US514,2024-11-11 08:00:00,False,False,False,False,False,False,False,False,False,False,False,True,False,False,False,True,False,False,False,False
ACT9044,US438,2024-03-08 12:00:00,False,False,False,False,False,False,False,False,False,True,False,False,False,False,False,False,False,False,False,True
ACT9045,US498,2024-09-28 04:00:00,False,False,False,False,False,False,False,True,False,False,False,False,False,False,False,False,False,False,True,False
ACT9046,US491,2024-02-13 22:00:00,False,False,False,False,False,False,False,True,False,False,False,False,False,False,False,False,False,False,True,False
ACT9047,US519,2024-10-12 16:00:00,False,False,False,False,False,False,False,False,False,True,False,False,False,False,False,False,True,False,False,False
ACT9048,US428,2024-07-16 19:00:00,False,False,False,False,False,True,False,False,False,False,False,False,False,False,False,False,True,False,False,False
ACT9049,US472,2024-11-10 13:00:00,False,False,False,False,False,False,False,False,False,False,False,False,True,False,False,False,False,True,False,False
ACT9050,US412,2024-07-16 19:00:00,False,False,False,False,False,False,False,False,False,False,False,False,True,False,False,False,False,True,False,False
ACT9051,US412,2024-06-23 18:00:00,False,False,False,False,False,False,False,False,False,False,False,True,False,False,False,False,False,False,False,True
ACT9052,US437,2024-11-28 00:00:00,False,False,False,False,False,False,False,False,False,True,False,False,False,False,False,False,False,True,False,False
ACT9053,US434,2024-05-13 08:00:00,False,False,False,False,False,False,False,True,False,False,False,False,False,False,False,False,True,False,False,False
ACT9054,US451,2024-11-17 16:00:00,False,False,False,False,False,False,False,False,False,False,False,False,False,False,True,False,False,True,False,False
ACT9055,US426,2024/08/29 16:00:00,False,False,False,False,False,False,False,False,False,False,False,False,True,False,False,False,False,True,False,False
ACT9056,US494,2024-01-03 05:00:00,False,False,False,False,False,False,False,True,False,False,False,False,False,False,False,False,True,False,False,False
ACT9057,US463,2024-01-29 01:00:00,False,False,False,False,False,False,False,False,False,False,False,True,False,False,False,False,False,True,False,False
ACT9058,US457,2024-03-21 07:00:00,False,False,False,False,False,True,False,False,False,False,False,False,False,False,False,True,False,False,False,False
ACT9059,US458,2024-07-31 04:00:00,False,False,False,False,False,False,False,False,False,True,False,False,False,False,False,False,True,False,False,False
ACT9060,US518,2024-01-12 00:00:00,False,False,False,False,False,False,False,True,False,False,False,False,False,False,False,True,False,False,False,False
ACT9061,US476,2024-01-12 08:00:00,False,False,False,False,False,True,False,False,False,False,False,False,False,False,False,False,True,False,False,False
ACT9062,US483,2024-04-27 19:00:00,False,False,False,False,False,False,False,False,False,False,False,False,False,False,True,True,False,False,False,False
ACT9063,US437,2024-06-04 12:00:00,False,False,False,False,True,False,False,False,False,False,False,False,False,False,False,False,False,False,False,True
ACT9064,US427,2024-07-18 23:00:00,False,False,False,False,False,False,False,False,False,False,False,True,False,False,False,False,True,False,False,False
ACT9065,US504,2024/08/26 14:00:00,False,False,False,False,False,True,False,False,False,False,False,False,False,False,False,False,False,True,False,False
ACT9066,,,False,False,False,False,True,False,False,False,False,False,False,False,False,False,False,False,False,False,True,False
ACT9067,US457,2024-01-27 04:00:00,False,False,False,False,False,False,False,False,False,False,False,True,False,False,False,True,False,False,False,False
ACT9068,US441,2024-07-03 08:00:00,False,False,False,False,False,False,False,False,False,False,False,False,False,False,True,False,True,False,False,False
ACT9069,US439,2024-12-06 12:00:00,False,False,False,False,False,False,False,False,False,False,False,False,True,False,False,True,False,False,False,False
ACT9070,US473,2024-10-16 21:00:00,False,False,False,False,True,False,False,False,False,False,False,False,False,False,False,False,False,False,False,True
ACT9071,US500,2024-01-02 20:00:00,False,False,False,False,True,False,False,False,False,False,False,False,False,False,False,True,False,False,False,False
ACT9072,US464,2024-11-02 19:00:00,False,False,False,False,False,False,False,True,False,False,False,False,False,False,False,False,False,False,False,True
ACT9073,US465,2024-07-13 01:00:00,False,False,False,False,True,False,False,False,False,False,False,False,False,False,False,False,False,False,False,True
ACT9074,US464,2024-05-23 05:00:00,False,False,False,False,False,False,False,False,False,False,False,False,True,False,False,False,False,True,False,False
ACT9075,US519,2024-10-30 13:00:00,False,False,False,False,False,False,False,False,False,False,False,False,True,False,False,True,False,False,False,False
ACT9076,US426,2024-02-21 00:00:00,False,False,False,False,False,False,False,False,False,False,False,False,True,False,False,False,False,False,True,False
ACT9077,US497,2024-01-09 09:00:00,False,False,False,False,False,False,False,False,False,True,False,False,False,False,False,False,True,False,False,False
ACT9078,US478,,False,False,False,False,False,True,False,False,False,False,False,False,False,False,False,False,False,False,False,True
ACT9079,US488,2024-12-01 05:00:00,False,False,False,False,False,False,False,False,False,False,False,False,False,False,True,False,False,True,False,False
ACT9080,US451,2024-08-14 02:00:00,False,False,False,False,False,True,False,False,False,False,False,False,False,False,False,True,False,False,False,False
ACT9081,US435,2024-02-11 07:00:00,False,False,True,False,False,False,False,False,False,False,False,False,False,False,False,False,False,False,True,False
ACT9082,US499,2024-05-09 08:00:00,False,False,False,False,False,False,False,False,False,False,False,True,False,False,False,False,False,False,False,True
ACT9083,US493,2024-02-22 03:00:00,False,False,False,False,False,False,False,False,False,True,False,False,False,False,False,False,True,False,False,False
ACT9084,US402,2024-05-10 04:00:00,False,False,False,False,False,False,False,False,False,False,False,False,False,False,True,True,False,False,False,False
ACT9085,US452,2024-12-01 18:00:00,False,False,False,False,False,False,False,False,False,True,False,False,False,False,False,True,False,False,False,False
ACT9086,US467,2024-01-10 08:00:00,False,False,False,False,False,True,False,False,False,False,False,False,False,False,False,True,False,False,False,False
ACT9087,,2024-01-25 07:00:00,False,False,False,False,True,False,False,False,False,False,False,False,False,False,False,False,False,True,False,False
ACT9088,US468,2024-08-19 05:00:00,False,False,False,False,False,False,False,False,False,False,False,False,False,False,True,False,False,False,False,True
ACT9089,US435,2024-08-03 10:00:00,False,False,False,False,False,False,False,True,False,False,False,False,False,False,False,False,True,False,False,False
ACT9090,US474,2024-09-11 12:00:00,False,False,False,False,False,False,False,False,False,False,False,False,False,False,True,False,True,False,False,False
ACT9091,US487,2024-11-10 05:00:00,False,False,False,False,False,False,False,True,False,False,False,False,False,False,False,False,False,False,True,False
ACT9092,US466,2024-07-09 03:00:00,False,False,False,False,False,False,False,False,False,False,False,False,False,False,True,False,False,True,False,False
ACT9093,US433,2024-05-30 13:00:00,False,False,False,False,False,False,False,True,False,False,False,False,False,False,False,False,False,True,False,False
ACT9094,US511,2024-06-21 12:00:00,False,False,False,False,False,True,False,False,False,False,False,False,False,False,False,False,False,False,True,False
ACT9095,US470,2024-05-24 11:00:00,True,False,False,False,False,False,False,False,False,False,False,False,False,False,False,False,False,False,False,True
ACT9096,US474,2024-09-16 17:00:00,False,False,False,False,True,False,False,False,False,False,False,False,False,False,False,False,False,True,False,False
ACT9097,US514,2024-11-13 01:00:00,False,False,False,False,False,True,False,False,False,False,False,False,False,False,False,False,False,True,False,False
ACT9098,US449,2024-03-03 09:00:00,False,False,False,False,False,False,False,False,False,False,False,False,False,False,True,False,False,False,True,False
ACT9099,US411,2024-05-12 01:00:00,False,False,False,False,True,False,False,False,False,False,False,False,False,False,False,True,False,False,False,False
ACT9100,US423,2024-04-09 23:00:00,False,False,False,False,False,True,False,False,False,False,False,False,False,False,False,True,False,False,False,False
ACT9101,US418,2024-08-20 02:00:00,False,False,False,False,True,False,False,False,False,False,False,False,False,False,False,False,True,False,False,False
ACT9102,US407,2024-09-22 19:00:00,False,False,False,False,False,False,False,True,False,False,False,False,False,False,False,False,False,False,True,False
ACT9103,US468,2024-02-18 18:00:00,False,False,False,False,False,False,False,False,False,False,False,False,False,False,True,True,False,False,False,False
ACT9104,US400,2024-09-20 07:00:00,False,False,False,False,False,True,False,False,False,False,False,False,False,False,False,True,False,False,False,False
ACT9105,US458,2024-08-22 01:00:00,False,False,False,False,False,False,False,False,False,True,False,False,False,False,False,True,False,False,False,False
ACT9106,US430,2024-07-01 18:00:00,False,False,False,False,False,False,False,True,False,False,False,False,False,False,False,False,False,True,False,False
ACT9107,US464,2025/99/10,False,False,False,False,False,False,False,False,False,True,False,False,False,False,False,False,True,False,False,False
ACT9108,US419,2024-05-01 09:00:00,False,False,False,False,False,False,False,False,False,True,False,False,False,False,False,False,False,False,False,True
ACT9109,US519,2024-07-28 21:00:00,False,False,False,False,False,True,False,False,False,False,False,False,False,False,False,False,False,False,True,False
ACT9110,US489,2024-09-14 11:00:00,False,False,False,False,False,False,False,True,False,False,False,False,False,False,False,False,False,False,False,True
ACT9111,US419,2024-05-02 16:00:00,False,False,False,False,False,False,False,True,False,False,False,False,False,False,False,False,False,True,False,False
ACT9112,US452,2024-11-23 07:00:00,False,False,False,False,False,True,False,False,False,False,False,False,False,False,False,True,False,False,False,False
ACT9113,US450,2024-02-04 06:00:00,False,False,False,False,False,False,False,False,False,False,False,True,False,False,False,False,True,False,False,False
ACT9114,US431,,False,False,False,False,True,False,False,False,False,False,False,False,False,False,False,False,False,False,False,True
ACT9115,US459,,False,False,False,False,False,False,False,False,False,True,False,False,False,False,False,False,False,False,False,True
ACT9116,US445,2024-11-09 16:00:00,False,False,False,False,True,False,False,False,False,False,False,False,False,False,False,False,False,True,False,False
ACT9117,US488,2024-01-10 02:00:00,False,False,False,False,False,False,False,False,False,False,False,False,True,False,False,True,False,False,False,False
ACT9118,US446,2024-10-20 04:00:00,False,False,False,False,False,False,False,False,False,True,False,False,False,False,False,False,False,False,False,True
ACT9119,US511,,False,False,False,False,True,False,False,False,False,False,False,False,False,False,False,False,False,False,False,True
ACT9120,US493,2024-01-11 11:00:00,False,False,False,False,False,True,False,False,False,False,False,False,False,False,False,False,False,False,False,True
ACT9121,US459,2024-12-04 21:00:00,False,False,False,False,False,True,False,False,False,False,False,False,False,False,False,False,False,True,False,False
ACT9122,US487,2024-10-20 00:00:00,False,False,False,False,False,False,False,False,False,True,False,False,False,False,False,False,False,False,True,False
ACT9123,US460,2024-02-19 14:00:00,False,False,False,False,False,True,False,False,False,False,False,False,False,False,False,True,False,False,False,False
ACT9124,US418,2024-06-17 12:00:00,False,False,False,False,False,True,False,False,False,False,False,False,False,False,False,False,True,False,False,False
ACT9125,US482,2024-01-17 07:00:00,False,False,False,False,False,False,False,False,False,True,False,False,False,False,False,False,False,True,False,False
ACT9126,US485,2024-07-13 17:00:00,False,False,True,False,False,False,False,False,False,False,False,False,False,False,False,False,False,True,False,False
ACT9127,US486,2024-03-20 10:00:00,False,False,False,False,True,False,False,False,False,False,False,False,False,False,False,False,False,False,False,True
ACT9128,US420,2024-05-22 08:00:00,False,False,False,False,True,False,False,False,False,False,False,False,False,False,False,True,False,False,False,False
ACT9129,US510,2024-10-08 23:00:00,False,False,False,False,False,False,False,False,False,True,False,False,False,False,False,False,True,False,False,False
ACT9130,US444,2024-01-26 13:00:00,False,False,False,False,False,False,False,False,False,False,False,True,False,False,False,True,False,False,False,False
ACT9131,US431,2024-02-04 14:00:00,False,False,False,False,True,False,False,False,False,False,False,False,False,False,False,False,False,True,False,False
ACT9132,US493,2024-02-28 19:00:00,False,False,False,False,False,False,False,False,False,False,False,True,False,False,False,False,False,True,False,False
ACT9133,US416,2024-05-19 00:00:00,False,False,False,False,False,False,False,False,False,False,False,False,False,False,True,True,False,False,False,False
ACT9134,US437,2024-08-03 19:00:00,False,False,False,False,False,True,False,False,False,False,False,False,False,False,False,False,False,True,False,False
ACT9135,US458,2024-02-21 05:00:00,False,False,False,False,True,False,False,False,False,False,False,False,False,False,False,False,False,False,True,False
ACT9136,US504,2024-02-05 15:00:00,False,False,False,False,False,False,False,False,False,True,False,False,False,False,False,False,False,False,False,True
ACT9137,US400,2024-11-23 17:00:00,False,False,False,False,False,False,False,False,False,False,False,True,False,False,False,True,False,False,False,False
ACT9138,US421,2024-07-25 02:00:00,False,False,False,False,True,False,False,False,False,False,False,False,False,False,False,False,False,True,False,False
ACT9139,US419,2024/05/20 08:00:00,False,False,False,False,False,False,False,False,False,True,False,False,False,False,False,True,False,False,False,False
ACT9140,US489,2024-08-18 11:00:00,False,False,False,False,False,False,False,False,False,True,False,False,False,False,False,False,False,True,False,False
ACT9141,US505,2024-11-06 14:00:00,False,False,False,False,False,False,False,True,False,False,False,False,False,False,False,False,True,False,False,False
ACT9142,US451,2024-09-15 13:00:00,False,False,False,False,True,False,False,False,False,False,False,False,False,False,False,False,False,False,False,True
ACT9143,US414,2024-03-18 20:00:00,False,False,False,False,False,False,False,False,False,False,False,False,False,False,True,True,False,False,False,False
ACT9144,US440,2024-06-13 05:00:00,False,False,False,False,True,False,False,False,False,False,False,False,False,False,False,True,False,False,False,False
ACT9145,US473,2024/09/09 05:00:00,False,False,False,False,False,False,False,False,False,True,False,False,False,False,False,True,False,False,False,False
ACT9146,US450,2024-01-03 12:00:00,False,False,False,False,False,False,False,False,False,False,False,False,False,False,True,True,False,False,False,False
ACT9147,US459,2024-01-12 10:00:00,False,False,False,False,False,False,False,False,False,False,False,False,False,False,True,False,True,False,False,False
ACT9148,US518,2024-05-03 22:00:00,False,False,False,False,False,False,False,False,False,True,False,False,False,False,False,False,False,True,False,False
ACT9149,US422,2024-10-26 03:00:00,False,False,False,False,False,False,False,True,False,False,False,False,False,False,False,True,False,False,False,False
ACT9150,US462,2024-05-25 16:00:00,False,False,False,False,False,True,False,False,False,False,False,False,False,False,False,False,False,False,True,False
ACT9151,US440,2024-05-04 18:00:00,False,False,False,False,False,False,False,False,False,False,False,False,False,False,True,True,False,False,False,False
ACT9152,,2024-04-24 15:00:00,False,False,False,False,False,False,False,False,False,False,False,True,False,False,False,False,False,False,True,False
ACT9153,US408,2024-02-20 19:00:00,False,False,False,False,False,False,False,False,False,False,True,False,False,False,False,False,False,False,True,False
ACT9154,US413,2024-08-27 03:00:00,False,False,False,False,False,False,False,False,False,False,False,True,False,False,False,False,False,True,False,False
ACT9155,US512,2024-01-04 08:00:00,False,False,False,False,False,False,False,False,False,False,False,False,False,False,True,True,False,False,False,False
ACT9156,US412,2024-07-01 08:00:00,False,False,False,False,False,False,False,False,False,False,False,False,True,False,False,False,False,False,False,True
ACT9157,US407,2024-05-17 15:00:00,False,False,False,False,False,False,False,False,False,False,False,False,False,False,True,False,False,True,False,False
ACT9158,US418,2024-01-03 18:00:00,False,False,False,False,False,False,False,False,False,False,False,False,True,False,False,False,True,False,False,False
ACT9159,US429,,False,False,False,False,True,False,False,False,False,False,False,False,False,False,False,False,False,False,True,False
ACT9160,US515,2024-07-19 00:00:00,False,False,False,False,False,False,False,False,False,True,False,False,False,False,False,True,False,False,False,False
ACT9161,US491,2024-01-17 23:00:00,False,False,False,False,False,False,False,False,False,False,False,False,True,False,False,False,False,False,True,False
ACT9162,US490,2024-12-03 11:00:00,False,False,False,False,False,False,False,False,False,False,False,True,False,False,False,False,False,False,False,True
ACT9163,US406,2024-06-25 03:00:00,False,False,False,False,False,False,False,False,False,False,False,True,False,False,False,False,True,False,False,False
ACT9164,US443,2024-02-12 04:00:00,False,False,False,False,False,False,False,False,False,False,False,False,False,False,True,True,False,False,False,False
ACT9165,US441,2024-05-23 02:00:00,False,False,False,False,False,False,False,False,False,False,False,False,True,False,False,True,False,False,False,False
ACT9166,US443,2024-01-12 16:00:00,False,False,False,False,False,False,False,False,False,False,False,False,False,False,True,False,False,False,False,True
ACT9167,US489,2024-11-01 15:00:00,False,False,False,False,False,False,False,False,False,False,False,False,False,False,True,False,False,False,True,False
ACT9168,US402,2024-08-22 23:00:00,False,False,False,False,False,False,False,False,False,False,False,False,False,False,True,True,False,False,False,False
ACT9169,US468,2024-02-14 16:00:00,False,False,False,False,False,False,False,True,False,False,False,False,False,False,False,False,False,True,False,False
ACT9170,US449,2024/03/11 00:00:00,False,False,False,False,False,False,False,False,False,False,False,False,False,False,True,False,False,False,True,False
ACT9171,US451,2024-10-13 17:00:00,False,False,False,False,False,False,False,False,False,False,False,True,False,False,False,False,False,True,False,False
ACT9172,US513,2024-01-08 14:00:00,False,False,False,False,True,False,False,False,False,False,False,False,False,False,False,False,True,False,False,False
ACT9173,US483,2024-12-02 08:00:00,False,False,False,False,False,False,False,False,False,False,True,False,False,False,False,False,True,False,False,False
ACT9174,US492,2024-07-03 18:00:00,False,False,False,False,False,False,False,False,False,False,False,True,False,False,False,False,False,False,True,False
ACT9175,US508,2024-02-15 06:00:00,False,False,False,False,False,False,False,False,False,True,False,False,False,False,False,False,False,False,True,False
ACT9176,US482,2024-03-20 00:00:00,False,False,False,False,False,False,False,False,False,True,False,False,False,False,False,False,False,True,False,False
ACT9177,US424,2024-05-14 06:00:00,False,False,False,False,False,False,False,False,False,False,False,True,False,False,False,False,False,True,False,False
ACT9178,US476,2024-03-12 13:00:00,False,False,False,False,False,False,False,False,False,False,False,True,False,False,False,False,False,True,False,False
ACT9179,US478,2024-08-17 09:00:00,False,False,False,False,False,True,False,False,False,False,False,False,False,False,False,False,False,True,False,False
ACT9180,US423,2024-07-18 13:00:00,False,False,False,False,False,False,False,False,False,False,False,False,False,False,True,False,True,False,False,False
ACT9181,US475,2024-05-11 13:00:00,False,False,False,False,False,False,False,False,False,False,False,False,False,False,True,False,False,False,False,True
ACT9182,US449,2024-06-07 23:00:00,False,False,False,False,False,True,False,False,False,False,False,False,False,False,False,False,True,False,False,False
ACT9183,US456,2024-05-29 15:00:00,False,False,False,False,True,False,False,False,False,False,False,False,False,False,False,True,False,False,False,False
ACT9184,US448,2024-05-22 14:00:00,False,False,False,False,False,False,False,True,False,False,False,False,False,False,False,False,True,False,False,False
ACT9185,US472,2024-07-19 04:00:00,False,False,False,False,False,False,False,False,False,False,False,True,False,False,False,False,True,False,False,False
ACT9186,US484,2024-03-13 05:00:00,False,False,False,False,False,False,False,False,False,False,False,False,True,False,False,False,True,False,False,False
ACT9187,US456,2024-03-07 20:00:00,False,False,False,False,False,False,False,False,False,False,False,False,False,False,True,False,True,False,False,False
ACT9188,US442,2024-06-06 12:00:00,False,False,False,False,False,False,False,False,False,False,False,False,True,False,False,False,False,False,True,False
ACT9189,US415,2024-05-18 01:00:00,False,False,False,False,False,False,False,False,False,False,False,True,False,False,False,False,True,False,False,False
ACT9190,US483,2024-11-19 18:00:00,False,False,False,False,False,False,False,True,False,False,False,False,False,False,False,True,False,False,False,False
ACT9191,US503,2024-10-22 16:00:00,False,False,False,False,False,False,False,True,False,False,False,False,False,False,False,False,False,False,True,False
ACT9192,US508,2024-03-10 17:00:00,False,False,False,False,False,False,False,False,False,False,False,False,False,True,False,False,False,False,True,False
ACT9193,US491,2024-01-28 16:00:00,False,False,False,False,False,False,False,False,False,False,False,False,False,False,True,False,False,False,True,False
ACT9194,US437,2024-05-10 20:00:00,False,False,False,False,False,False,False,False,False,False,False,True,False,False,False,True,False,False,False,False
ACT9195,US9999,2024-01-10 07:00:00,False,False,False,False,False,False,False,False,False,False,False,False,False,False,True,False,False,False,True,False
ACT9196,US501,2024-04-23 05:00:00,False,False,False,False,False,False,False,False,False,False,False,True,False,False,False,False,True,False,False,False
ACT9197,US463,2024-10-26 08:00:00,False,False,False,False,False,False,False,False,False,False,False,True,False,False,False,False,False,False,False,True
ACT9198,US472,2024-01-11 18:00:00,False,False,False,False,True,False,False,False,False,False,False,False,False,False,False,True,False,False,False,False
ACT9199,US459,2024-09-14 14:00:00,False,False,False,False,False,False,False,False,False,False,False,True,False,False,False,False,True,False,False,False
ACT9200,US428,2024-06-13 01:00:00,False,False,False,False,True,False,False,False,False,False,False,False,False,False,False,False,False,True,False,False
ACT9201,US427,2024/10/29 20:00:00,False,False,False,False,False,False,False,False,False,False,False,True,False,False,False,False,False,False,True,False
ACT9202,US417,2024-02-15 10:00:00,False,False,False,False,False,False,False,False,False,False,False,False,False,False,True,False,False,False,False,True
ACT9203,US507,2024-03-13 01:00:00,False,False,False,False,False,True,False,False,False,False,False,False,False,False,False,False,False,True,False,False
ACT9204,US458,2024-12-05 07:00:00,False,False,False,False,False,False,False,False,False,False,False,True,False,False,False,False,False,True,False,False
ACT9205,US418,2024-10-27 03:00:00,True,False,False,False,False,False,False,False,False,False,False,False,False,False,False,False,False,True,False,False
ACT9206,US444,2024-04-29 07:00:00,False,False,False,False,False,False,False,False,False,False,False,False,False,False,True,False,False,True,False,False
ACT9207,US514,2024-03-28 13:00:00,False,False,False,False,False,False,False,False,False,False,False,True,False,False,False,False,False,True,False,False
ACT9208,US446,2024-09-16 10:00:00,False,False,False,False,False,True,False,False,False,False,False,False,False,False,False,False,False,True,False,False
ACT9209,US486,2024-08-30 07:00:00,False,False,False,False,False,False,False,True,False,False,False,False,False,False,False,False,False,True,False,False
ACT9210,US484,2024-08-29 22:00:00,False,False,False,False,False,False,False,False,False,False,False,True,False,False,False,False,False,False,True,False
ACT9211,US432,2024-01-13 17:00:00,False,False,False,False,False,True,False,False,False,False,False,False,False,False,False,False,False,False,False,True
ACT9212,US487,2024-07-20 06:00:00,False,False,False,False,False,False,False,True,False,False,False,False,False,False,False,False,False,True,False,False
ACT9213,US404,2024-08-18 16:00:00,False,False,False,False,False,False,False,False,False,False,False,False,False,False,True,False,False,True,False,False
ACT9214,US499,2024-06-28 08:00:00,False,False,False,False,False,False,False,False,False,False,False,True,False,False,False,False,False,False,True,False
ACT9215,US461,2024-03-08 04:00:00,False,False,False,False,False,False,True,False,False,False,False,False,False,False,False,False,False,False,True,False
ACT9216,US495,2024-03-24 17:00:00,False,False,False,False,False,False,False,False,False,False,False,False,True,False,False,False,False,False,True,False
ACT9217,US483,2024-12-01 03:00:00,False,False,False,False,False,False,False,True,False,False,False,False,False,False,False,False,False,True,False,False
ACT9218,US497,2024-12-04 08:00:00,False,False,False,False,False,False,False,False,False,False,False,True,False,False,False,False,False,False,False,True
ACT9219,US480,2024-03-26 02:00:00,False,False,False,False,False,False,False,False,False,False,False,True,False,False,False,False,False,False,True,False
ACT9220,US474,2024-11-19 07:00:00,False,False,False,False,False,False,False,True,False,False,False,False,False,False,False,False,False,False,False,True
ACT9221,US453,2024-01-09 09:00:00,False,False,False,False,False,True,False,False,False,False,False,False,False,False,False,False,False,False,True,False
ACT9222,US466,2024-02-26 21:00:00,False,False,False,False,False,True,False,False,False,False,False,False,False,False,False,True,False,False,False,False
ACT9223,US446,2024-08-12 16:00:00,False,False,False,False,False,False,False,False,False,False,False,False,False,False,True,False,False,False,False,True
ACT9224,US440,2024-07-09 11:00:00,False,False,False,False,False,False,False,True,False,False,False,False,False,False,False,False,False,True,False,False
ACT9225,US435,2024-09-02 02:00:00,False,False,False,False,False,True,False,False,False,False,False,False,False,False,False,False,False,False,True,False
ACT9226,US444,2024-12-06 12:00:00,False,False,False,False,False,False,False,True,False,False,False,False,False,False,False,True,False,False,False,False
ACT9227,US445,2024-10-18 18:00:00,False,False,False,False,False,False,False,False,False,True,False,False,False,False,False,False,False,False,True,False
ACT9228,US513,2024-12-05 13:00:00,False,False,False,False,False,False,False,False,False,False,False,False,True,False,False,False,True,False,False,False
ACT9229,US419,2024-05-23 18:00:00,False,False,False,False,False,False,False,False,False,False,False,False,True,False,False,True,False,False,False,False
ACT9230,,2024-05-05 18:00:00,False,False,False,False,False,False,False,False,False,True,False,False,False,False,False,True,False,False,False,False
ACT9231,US508,2024-08-03 09:00:00,False,False,False,False,False,False,False,False,False,True,False,False,False,False,False,True,False,False,False,False
ACT9232,US464,2024-04-25 10:00:00,False,False,False,False,False,False,False,False,False,True,False,False,False,False,False,False,True,False,False,False
ACT9233,US476,2024-10-30 14:00:00,False,False,False,False,False,False,False,True,False,False,False,False,False,False,False,True,False,False,False,False
ACT9234,US475,2024-03-09 19:00:00,False,False,False,False,False,False,False,True,False,False,False,False,False,False,False,False,False,False,True,False
ACT9235,US503,2024-04-27 08:00:00,False,False,False,True,False,False,False,False,False,False,False,False,False,False,False,False,True,False,False,False
ACT9236,US467,2024-07-20 10:00:00,False,False,False,False,False,False,False,False,False,False,False,False,False,False,True,False,False,False,True,False
ACT9237,US475,2024-06-11 17:00:00,False,False,False,False,False,True,False,False,False,False,False,False,False,False,False,False,True,False,False,False
ACT9238,US492,2024-04-17 05:00:00,False,False,False,False,False,False,False,False,False,True,False,False,False,False,False,True,False,False,False,False
ACT9239,US507,2024-06-14 09:00:00,False,False,False,False,False,False,False,False,False,False,False,False,False,False,True,False,True,False,False,False
ACT9176,US482,2024-03-20 00:00:00,False,False,False,False,False,False,False,False,False,True,False,False,False,False,False,False,False,True,False,False
ACT9175,US508,2024-02-15 06:00:00,False,False,False,False,False,False,False,False,False,True,False,False,False,False,False,False,False,False,True,False
ACT9134,US437,2024-08-03 19:00:00,False,False,False,False,False,True,False,False,False,False,False,False,False,False,False,False,False,True,False,False
ACT9189,US415,2024-05-18 01:00:00,False,False,False,False,False,False,False,False,False,False,False,True,False,False,False,False,True,False,False,False
ACT9044,US438,2024-03-08 12:00:00,False,False,False,False,False,False,False,False,False,True,False,False,False,False,False,False,False,False,False,True
ACT9060,US518,2024-01-12 00:00:00,False,False,False,False,False,False,False,True,False,False,False,False,False,False,False,True,False,False,False,False
